STATION,NAME,DATE,PRCP,SNOW,TAVG,TMAX,TMIN
USW00094728,"NY CITY CENTRAL PARK, NY US",2017-01-01,0,0,,48,40
USW00094728,"NY CITY CENTRAL PARK, NY US",2017-01-02,0.21,0,,41,37
USW00094728,"NY CITY CENTRAL PARK, NY US",2017-01-03,0.58,0,,43,39
USW00094728,"NY CITY CENTRAL PARK, NY US",2017-01-04,0,0,,52,34
USW00094728,"NY CITY CENTRAL PARK, NY US",2017-01-05,0,0,,34,27
USW00094728,"NY CITY CENTRAL PARK, NY US",2017-01-06,0.05,1.2,,33,25
USW00094728,"NY CITY CENTRAL PARK, NY US",2017-01-07,0.32,5.1,,26,20
USW00094728,"NY CITY CENTRAL PARK, NY US",2017-01-08,0,0,,25,16
USW00094728,"NY CITY CENTRAL PARK, NY US",2017-01-09,0,0,,23,14
USW00094728,"NY CITY CENTRAL PARK, NY US",2017-01-10,0,0,,46,21
USW00094728,"NY CITY CENTRAL PARK, NY US",2017-01-11,0.52,0,,52,42
USW00094728,"NY CITY CENTRAL PARK, NY US",2017-01-12,0.05,0,,66,47
USW00094728,"NY CITY CENTRAL PARK, NY US",2017-01-13,0,0,,62,32
USW00094728,"NY CITY CENTRAL PARK, NY US",2017-01-14,0.12,0.6,,34,28
USW00094728,"NY CITY CENTRAL PARK, NY US",2017-01-15,0,0,,38,30
USW00094728,"NY CITY CENTRAL PARK, NY US",2017-01-16,0,0,,43,30
USW00094728,"NY CITY CENTRAL PARK, NY US",2017-01-17,0.35,0,,42,38
USW00094728,"NY CITY CENTRAL PARK, NY US",2017-01-18,0.06,0,,41,38
USW00094728,"NY CITY CENTRAL PARK, NY US",2017-01-19,0,0,,49,39
USW00094728,"NY CITY CENTRAL PARK, NY US",2017-01-20,0.1,0,,45,40
USW00094728,"NY CITY CENTRAL PARK, NY US",2017-01-21,0,0,,49,41
USW00094728,"NY CITY CENTRAL PARK, NY US",2017-01-22,0.05,0,,48,43
USW00094728,"NY CITY CENTRAL PARK, NY US",2017-01-23,1.16,0,,44,36
USW00094728,"NY CITY CENTRAL PARK, NY US",2017-01-24,1.18,0,,38,35
USW00094728,"NY CITY CENTRAL PARK, NY US",2017-01-25,0,0,,51,36
USW00094728,"NY CITY CENTRAL PARK, NY US",2017-01-26,0.02,0,,56,43
USW00094728,"NY CITY CENTRAL PARK, NY US",2017-01-27,0,0,,43,36
USW00094728,"NY CITY CENTRAL PARK, NY US",2017-01-28,0,0,,39,34
USW00094728,"NY CITY CENTRAL PARK, NY US",2017-01-29,0,0,,43,35
USW00094728,"NY CITY CENTRAL PARK, NY US",2017-01-30,0,0,,37,30
USW00094728,"NY CITY CENTRAL PARK, NY US",2017-01-31,0.06,1,,34,26
USW00094728,"NY CITY CENTRAL PARK, NY US",2017-02-01,0,0,,47,33
USW00094728,"NY CITY CENTRAL PARK, NY US",2017-02-02,0,0,,45,32
USW00094728,"NY CITY CENTRAL PARK, NY US",2017-02-03,0,0,,33,26
USW00094728,"NY CITY CENTRAL PARK, NY US",2017-02-04,0,0,,34,22
USW00094728,"NY CITY CENTRAL PARK, NY US",2017-02-05,0,0,,43,31
USW00094728,"NY CITY CENTRAL PARK, NY US",2017-02-06,0,0,,49,36
USW00094728,"NY CITY CENTRAL PARK, NY US",2017-02-07,0.27,0,,42,36
USW00094728,"NY CITY CENTRAL PARK, NY US",2017-02-08,0.03,0,,62,38
USW00094728,"NY CITY CENTRAL PARK, NY US",2017-02-09,1.16,9.4,,44,19
USW00094728,"NY CITY CENTRAL PARK, NY US",2017-02-10,0,0,,32,19
USW00094728,"NY CITY CENTRAL PARK, NY US",2017-02-11,0,0,,48,30
USW00094728,"NY CITY CENTRAL PARK, NY US",2017-02-12,0.46,0,,40,30
USW00094728,"NY CITY CENTRAL PARK, NY US",2017-02-13,0.02,0,,39,31
USW00094728,"NY CITY CENTRAL PARK, NY US",2017-02-14,0,0,,41,28
USW00094728,"NY CITY CENTRAL PARK, NY US",2017-02-15,0,0,,47,35
USW00094728,"NY CITY CENTRAL PARK, NY US",2017-02-16,0,0,,35,28
USW00094728,"NY CITY CENTRAL PARK, NY US",2017-02-17,0,0,,41,26
USW00094728,"NY CITY CENTRAL PARK, NY US",2017-02-18,0,0,,63,35
USW00094728,"NY CITY CENTRAL PARK, NY US",2017-02-19,0,0,,65,53
USW00094728,"NY CITY CENTRAL PARK, NY US",2017-02-20,0,0,,55,39
USW00094728,"NY CITY CENTRAL PARK, NY US",2017-02-21,0,0,,47,34
USW00094728,"NY CITY CENTRAL PARK, NY US",2017-02-22,0,0,,57,42
USW00094728,"NY CITY CENTRAL PARK, NY US",2017-02-23,0,0,,65,44
USW00094728,"NY CITY CENTRAL PARK, NY US",2017-02-24,0,0,,70,58
USW00094728,"NY CITY CENTRAL PARK, NY US",2017-02-25,0.54,0,,63,44
USW00094728,"NY CITY CENTRAL PARK, NY US",2017-02-26,0,0,,44,36
USW00094728,"NY CITY CENTRAL PARK, NY US",2017-02-27,0,0,,54,35
USW00094728,"NY CITY CENTRAL PARK, NY US",2017-02-28,0,0,,59,47
USW00094728,"NY CITY CENTRAL PARK, NY US",2017-03-01,0.12,0,,70,54
USW00094728,"NY CITY CENTRAL PARK, NY US",2017-03-02,0,0,,64,35
USW00094728,"NY CITY CENTRAL PARK, NY US",2017-03-03,0,0,,39,24
USW00094728,"NY CITY CENTRAL PARK, NY US",2017-03-04,0,0,,30,17
USW00094728,"NY CITY CENTRAL PARK, NY US",2017-03-05,0,0,,37,14
USW00094728,"NY CITY CENTRAL PARK, NY US",2017-03-06,0,0,,45,26
USW00094728,"NY CITY CENTRAL PARK, NY US",2017-03-07,0.1,0,,56,42
USW00094728,"NY CITY CENTRAL PARK, NY US",2017-03-08,0.02,0,,59,47
USW00094728,"NY CITY CENTRAL PARK, NY US",2017-03-09,0,0,,61,47
USW00094728,"NY CITY CENTRAL PARK, NY US",2017-03-10,0.31,2.1,,47,23
USW00094728,"NY CITY CENTRAL PARK, NY US",2017-03-11,0,0,,29,17
USW00094728,"NY CITY CENTRAL PARK, NY US",2017-03-12,0,0,,29,19
USW00094728,"NY CITY CENTRAL PARK, NY US",2017-03-13,0,0,,36,20
USW00094728,"NY CITY CENTRAL PARK, NY US",2017-03-14,1.97,7.6,,32,21
USW00094728,"NY CITY CENTRAL PARK, NY US",2017-03-15,0,0,,26,20
USW00094728,"NY CITY CENTRAL PARK, NY US",2017-03-16,0,0,,39,24
USW00094728,"NY CITY CENTRAL PARK, NY US",2017-03-17,0,0,,47,29
USW00094728,"NY CITY CENTRAL PARK, NY US",2017-03-18,0.08,0,,39,34
USW00094728,"NY CITY CENTRAL PARK, NY US",2017-03-19,0,0,,47,34
USW00094728,"NY CITY CENTRAL PARK, NY US",2017-03-20,0,0,,52,33
USW00094728,"NY CITY CENTRAL PARK, NY US",2017-03-21,0,0,,59,42
USW00094728,"NY CITY CENTRAL PARK, NY US",2017-03-22,0,0,,50,24
USW00094728,"NY CITY CENTRAL PARK, NY US",2017-03-23,0,0,,42,23
USW00094728,"NY CITY CENTRAL PARK, NY US",2017-03-24,0,0,,57,36
USW00094728,"NY CITY CENTRAL PARK, NY US",2017-03-25,0.01,0,,62,42
USW00094728,"NY CITY CENTRAL PARK, NY US",2017-03-26,0.14,0,,42,37
USW00094728,"NY CITY CENTRAL PARK, NY US",2017-03-27,0.26,0,,53,37
USW00094728,"NY CITY CENTRAL PARK, NY US",2017-03-28,0.72,0,,46,41
USW00094728,"NY CITY CENTRAL PARK, NY US",2017-03-29,0,0,,60,42
USW00094728,"NY CITY CENTRAL PARK, NY US",2017-03-30,0.01,0,,52,38
USW00094728,"NY CITY CENTRAL PARK, NY US",2017-03-31,1.51,0,,43,37
USW00094728,"NY CITY CENTRAL PARK, NY US",2017-04-01,0,0,,48,37
USW00094728,"NY CITY CENTRAL PARK, NY US",2017-04-02,0,0,,63,40
USW00094728,"NY CITY CENTRAL PARK, NY US",2017-04-03,0.03,0,,63,48
USW00094728,"NY CITY CENTRAL PARK, NY US",2017-04-04,1.18,0,,51,45
USW00094728,"NY CITY CENTRAL PARK, NY US",2017-04-05,0,0,,65,45
USW00094728,"NY CITY CENTRAL PARK, NY US",2017-04-06,0.73,0,,53,40
USW00094728,"NY CITY CENTRAL PARK, NY US",2017-04-07,0,0,,51,40
USW00094728,"NY CITY CENTRAL PARK, NY US",2017-04-08,0,0,,57,40
USW00094728,"NY CITY CENTRAL PARK, NY US",2017-04-09,0,0,,67,45
USW00094728,"NY CITY CENTRAL PARK, NY US",2017-04-10,0,0,,74,53
USW00094728,"NY CITY CENTRAL PARK, NY US",2017-04-11,0,0,,80,61
USW00094728,"NY CITY CENTRAL PARK, NY US",2017-04-12,0.02,0,,76,58
USW00094728,"NY CITY CENTRAL PARK, NY US",2017-04-13,0,0,,65,48
USW00094728,"NY CITY CENTRAL PARK, NY US",2017-04-14,0,0,,66,48
USW00094728,"NY CITY CENTRAL PARK, NY US",2017-04-15,0,0,,65,51
USW00094728,"NY CITY CENTRAL PARK, NY US",2017-04-16,0,0,,87,59
USW00094728,"NY CITY CENTRAL PARK, NY US",2017-04-17,0,0,,74,58
USW00094728,"NY CITY CENTRAL PARK, NY US",2017-04-18,0,0,,65,47
USW00094728,"NY CITY CENTRAL PARK, NY US",2017-04-19,0,0,,54,45
USW00094728,"NY CITY CENTRAL PARK, NY US",2017-04-20,0.17,0,,66,50
USW00094728,"NY CITY CENTRAL PARK, NY US",2017-04-21,0.29,0,,53,48
USW00094728,"NY CITY CENTRAL PARK, NY US",2017-04-22,0.11,0,,57,49
USW00094728,"NY CITY CENTRAL PARK, NY US",2017-04-23,0,0,,66,46
USW00094728,"NY CITY CENTRAL PARK, NY US",2017-04-24,0,0,,60,48
USW00094728,"NY CITY CENTRAL PARK, NY US",2017-04-25,0.91,0,,54,49
USW00094728,"NY CITY CENTRAL PARK, NY US",2017-04-26,0.34,0,,60,53
USW00094728,"NY CITY CENTRAL PARK, NY US",2017-04-27,0,0,,70,57
USW00094728,"NY CITY CENTRAL PARK, NY US",2017-04-28,0,0,,85,58
USW00094728,"NY CITY CENTRAL PARK, NY US",2017-04-29,0.06,0,,85,64
USW00094728,"NY CITY CENTRAL PARK, NY US",2017-04-30,0,0,,67,52
USW00094728,"NY CITY CENTRAL PARK, NY US",2017-05-01,0,0,,74,49
USW00094728,"NY CITY CENTRAL PARK, NY US",2017-05-02,0,0,,75,62
USW00094728,"NY CITY CENTRAL PARK, NY US",2017-05-03,0,0,,65,51
USW00094728,"NY CITY CENTRAL PARK, NY US",2017-05-04,0,0,,64,47
USW00094728,"NY CITY CENTRAL PARK, NY US",2017-05-05,3.02,0,,59,51
USW00094728,"NY CITY CENTRAL PARK, NY US",2017-05-06,0.18,0,,67,52
USW00094728,"NY CITY CENTRAL PARK, NY US",2017-05-07,0.01,0,,56,47
USW00094728,"NY CITY CENTRAL PARK, NY US",2017-05-08,0,0,,57,44
USW00094728,"NY CITY CENTRAL PARK, NY US",2017-05-09,0,0,,63,47
USW00094728,"NY CITY CENTRAL PARK, NY US",2017-05-10,0,0,,63,49
USW00094728,"NY CITY CENTRAL PARK, NY US",2017-05-11,0,0,,62,51
USW00094728,"NY CITY CENTRAL PARK, NY US",2017-05-12,0,0,,65,48
USW00094728,"NY CITY CENTRAL PARK, NY US",2017-05-13,1.61,0,,53,45
USW00094728,"NY CITY CENTRAL PARK, NY US",2017-05-14,0.02,0,,67,46
USW00094728,"NY CITY CENTRAL PARK, NY US",2017-05-15,0,0,,68,53
USW00094728,"NY CITY CENTRAL PARK, NY US",2017-05-16,0,0,,79,56
USW00094728,"NY CITY CENTRAL PARK, NY US",2017-05-17,0,0,,90,65
USW00094728,"NY CITY CENTRAL PARK, NY US",2017-05-18,0,0,,92,75
USW00094728,"NY CITY CENTRAL PARK, NY US",2017-05-19,0,0,,91,66
USW00094728,"NY CITY CENTRAL PARK, NY US",2017-05-20,0.01,0,,65,55
USW00094728,"NY CITY CENTRAL PARK, NY US",2017-05-21,0,0,,69,52
USW00094728,"NY CITY CENTRAL PARK, NY US",2017-05-22,0.59,0,,61,53
USW00094728,"NY CITY CENTRAL PARK, NY US",2017-05-23,0,0,,69,56
USW00094728,"NY CITY CENTRAL PARK, NY US",2017-05-24,0.04,0,,69,56
USW00094728,"NY CITY CENTRAL PARK, NY US",2017-05-25,0.58,0,,59,56
USW00094728,"NY CITY CENTRAL PARK, NY US",2017-05-26,0.1,0,,73,56
USW00094728,"NY CITY CENTRAL PARK, NY US",2017-05-27,0,0,,71,59
USW00094728,"NY CITY CENTRAL PARK, NY US",2017-05-28,0,0,,71,58
USW00094728,"NY CITY CENTRAL PARK, NY US",2017-05-29,0.13,0,,61,56
USW00094728,"NY CITY CENTRAL PARK, NY US",2017-05-30,0.06,0,,60,55
USW00094728,"NY CITY CENTRAL PARK, NY US",2017-05-31,0.03,0,,75,58
USW00094728,"NY CITY CENTRAL PARK, NY US",2017-06-01,0,0,,79,59
USW00094728,"NY CITY CENTRAL PARK, NY US",2017-06-02,0.01,0,,76,57
USW00094728,"NY CITY CENTRAL PARK, NY US",2017-06-03,0.01,0,,73,55
USW00094728,"NY CITY CENTRAL PARK, NY US",2017-06-04,0.09,0,,70,56
USW00094728,"NY CITY CENTRAL PARK, NY US",2017-06-05,0.02,0,,67,58
USW00094728,"NY CITY CENTRAL PARK, NY US",2017-06-06,0.06,0,,58,52
USW00094728,"NY CITY CENTRAL PARK, NY US",2017-06-07,0,0,,67,51
USW00094728,"NY CITY CENTRAL PARK, NY US",2017-06-08,0,0,,69,55
USW00094728,"NY CITY CENTRAL PARK, NY US",2017-06-09,0,0,,80,53
USW00094728,"NY CITY CENTRAL PARK, NY US",2017-06-10,0,0,,85,66
USW00094728,"NY CITY CENTRAL PARK, NY US",2017-06-11,0,0,,90,72
USW00094728,"NY CITY CENTRAL PARK, NY US",2017-06-12,0,0,,93,76
USW00094728,"NY CITY CENTRAL PARK, NY US",2017-06-13,0,0,,94,77
USW00094728,"NY CITY CENTRAL PARK, NY US",2017-06-14,0.29,0,,84,69
USW00094728,"NY CITY CENTRAL PARK, NY US",2017-06-15,0,0,,76,64
USW00094728,"NY CITY CENTRAL PARK, NY US",2017-06-16,0,0,,68,63
USW00094728,"NY CITY CENTRAL PARK, NY US",2017-06-17,1.39,0,,74,66
USW00094728,"NY CITY CENTRAL PARK, NY US",2017-06-18,0,0,,85,70
USW00094728,"NY CITY CENTRAL PARK, NY US",2017-06-19,1.35,0,,88,70
USW00094728,"NY CITY CENTRAL PARK, NY US",2017-06-20,0.03,0,,83,71
USW00094728,"NY CITY CENTRAL PARK, NY US",2017-06-21,0,0,,83,71
USW00094728,"NY CITY CENTRAL PARK, NY US",2017-06-22,0,0,,83,68
USW00094728,"NY CITY CENTRAL PARK, NY US",2017-06-23,0.04,0,,83,76
USW00094728,"NY CITY CENTRAL PARK, NY US",2017-06-24,1.29,0,,84,71
USW00094728,"NY CITY CENTRAL PARK, NY US",2017-06-25,0,0,,83,68
USW00094728,"NY CITY CENTRAL PARK, NY US",2017-06-26,0,0,,79,64
USW00094728,"NY CITY CENTRAL PARK, NY US",2017-06-27,0.18,0,,77,60
USW00094728,"NY CITY CENTRAL PARK, NY US",2017-06-28,0,0,,78,61
USW00094728,"NY CITY CENTRAL PARK, NY US",2017-06-29,0,0,,82,68
USW00094728,"NY CITY CENTRAL PARK, NY US",2017-06-30,0,0,,88,73
USW00094728,"NY CITY CENTRAL PARK, NY US",2017-07-01,0.23,0,,85,71
USW00094728,"NY CITY CENTRAL PARK, NY US",2017-07-02,0,0,,87,72
USW00094728,"NY CITY CENTRAL PARK, NY US",2017-07-03,0.45,0,,88,71
USW00094728,"NY CITY CENTRAL PARK, NY US",2017-07-04,0,0,,85,70
USW00094728,"NY CITY CENTRAL PARK, NY US",2017-07-05,0,0,,85,70
USW00094728,"NY CITY CENTRAL PARK, NY US",2017-07-06,0,0,,77,71
USW00094728,"NY CITY CENTRAL PARK, NY US",2017-07-07,1.78,0,,80,68
USW00094728,"NY CITY CENTRAL PARK, NY US",2017-07-08,0,0,,84,69
USW00094728,"NY CITY CENTRAL PARK, NY US",2017-07-09,0,0,,81,67
USW00094728,"NY CITY CENTRAL PARK, NY US",2017-07-10,0,0,,84,68
USW00094728,"NY CITY CENTRAL PARK, NY US",2017-07-11,0,0,,85,75
USW00094728,"NY CITY CENTRAL PARK, NY US",2017-07-12,0,0,,88,77
USW00094728,"NY CITY CENTRAL PARK, NY US",2017-07-13,0,0,,90,73
USW00094728,"NY CITY CENTRAL PARK, NY US",2017-07-14,0.35,0,,73,65
USW00094728,"NY CITY CENTRAL PARK, NY US",2017-07-15,0,0,,84,68
USW00094728,"NY CITY CENTRAL PARK, NY US",2017-07-16,0,0,,87,68
USW00094728,"NY CITY CENTRAL PARK, NY US",2017-07-17,0,0,,85,73
USW00094728,"NY CITY CENTRAL PARK, NY US",2017-07-18,0,0,,88,73
USW00094728,"NY CITY CENTRAL PARK, NY US",2017-07-19,0,0,,92,77
USW00094728,"NY CITY CENTRAL PARK, NY US",2017-07-20,0.01,0,,94,77
USW00094728,"NY CITY CENTRAL PARK, NY US",2017-07-21,0,0,,92,76
USW00094728,"NY CITY CENTRAL PARK, NY US",2017-07-22,0.57,0,,92,71
USW00094728,"NY CITY CENTRAL PARK, NY US",2017-07-23,0.06,0,,79,71
USW00094728,"NY CITY CENTRAL PARK, NY US",2017-07-24,0.74,0,,73,63
USW00094728,"NY CITY CENTRAL PARK, NY US",2017-07-25,0,0,,71,62
USW00094728,"NY CITY CENTRAL PARK, NY US",2017-07-26,0,0,,77,65
USW00094728,"NY CITY CENTRAL PARK, NY US",2017-07-27,0,0,,78,65
USW00094728,"NY CITY CENTRAL PARK, NY US",2017-07-28,0,0,,85,71
USW00094728,"NY CITY CENTRAL PARK, NY US",2017-07-29,0,0,,77,67
USW00094728,"NY CITY CENTRAL PARK, NY US",2017-07-30,0,0,,82,64
USW00094728,"NY CITY CENTRAL PARK, NY US",2017-07-31,0,0,,88,66
USW00094728,"NY CITY CENTRAL PARK, NY US",2017-08-01,0,0,,92,71
USW00094728,"NY CITY CENTRAL PARK, NY US",2017-08-02,0.09,0,,86,69
USW00094728,"NY CITY CENTRAL PARK, NY US",2017-08-03,0,0,,87,68
USW00094728,"NY CITY CENTRAL PARK, NY US",2017-08-04,0.15,0,,84,69
USW00094728,"NY CITY CENTRAL PARK, NY US",2017-08-05,0.3,0,,78,69
USW00094728,"NY CITY CENTRAL PARK, NY US",2017-08-06,0,0,,76,64
USW00094728,"NY CITY CENTRAL PARK, NY US",2017-08-07,0.76,0,,71,64
USW00094728,"NY CITY CENTRAL PARK, NY US",2017-08-08,0,0,,78,65
USW00094728,"NY CITY CENTRAL PARK, NY US",2017-08-09,0,0,,85,64
USW00094728,"NY CITY CENTRAL PARK, NY US",2017-08-10,0,0,,83,68
USW00094728,"NY CITY CENTRAL PARK, NY US",2017-08-11,0,0,,82,69
USW00094728,"NY CITY CENTRAL PARK, NY US",2017-08-12,0.11,0,,77,64
USW00094728,"NY CITY CENTRAL PARK, NY US",2017-08-13,0,0,,83,71
USW00094728,"NY CITY CENTRAL PARK, NY US",2017-08-14,0,0,,80,70
USW00094728,"NY CITY CENTRAL PARK, NY US",2017-08-15,0.45,0,,74,68
USW00094728,"NY CITY CENTRAL PARK, NY US",2017-08-16,0,0,,87,70
USW00094728,"NY CITY CENTRAL PARK, NY US",2017-08-17,0,0,,83,69
USW00094728,"NY CITY CENTRAL PARK, NY US",2017-08-18,0.88,0,,82,73
USW00094728,"NY CITY CENTRAL PARK, NY US",2017-08-19,0,0,,86,73
USW00094728,"NY CITY CENTRAL PARK, NY US",2017-08-20,0,0,,81,69
USW00094728,"NY CITY CENTRAL PARK, NY US",2017-08-21,0,0,,87,71
USW00094728,"NY CITY CENTRAL PARK, NY US",2017-08-22,0.3,0,,89,72
USW00094728,"NY CITY CENTRAL PARK, NY US",2017-08-23,0,0,,81,70
USW00094728,"NY CITY CENTRAL PARK, NY US",2017-08-24,0,0,,80,65
USW00094728,"NY CITY CENTRAL PARK, NY US",2017-08-25,0,0,,78,63
USW00094728,"NY CITY CENTRAL PARK, NY US",2017-08-26,0,0,,78,62
USW00094728,"NY CITY CENTRAL PARK, NY US",2017-08-27,0,0,,78,63
USW00094728,"NY CITY CENTRAL PARK, NY US",2017-08-28,0,0,,76,63
USW00094728,"NY CITY CENTRAL PARK, NY US",2017-08-29,0.29,0,,68,61
USW00094728,"NY CITY CENTRAL PARK, NY US",2017-08-30,0.01,0,,78,60
USW00094728,"NY CITY CENTRAL PARK, NY US",2017-08-31,0,0,,81,64
USW00094728,"NY CITY CENTRAL PARK, NY US",2017-09-01,0,0,,71,55
USW00094728,"NY CITY CENTRAL PARK, NY US",2017-09-02,0.53,0,,68,54
USW00094728,"NY CITY CENTRAL PARK, NY US",2017-09-03,0.74,0,,69,59
USW00094728,"NY CITY CENTRAL PARK, NY US",2017-09-04,0,0,,80,61
USW00094728,"NY CITY CENTRAL PARK, NY US",2017-09-05,0,0,,85,69
USW00094728,"NY CITY CENTRAL PARK, NY US",2017-09-06,0.42,0,,72,61
USW00094728,"NY CITY CENTRAL PARK, NY US",2017-09-07,0.01,0,,71,59
USW00094728,"NY CITY CENTRAL PARK, NY US",2017-09-08,0,0,,71,58
USW00094728,"NY CITY CENTRAL PARK, NY US",2017-09-09,0,0,,70,55
USW00094728,"NY CITY CENTRAL PARK, NY US",2017-09-10,0,0,,72,57
USW00094728,"NY CITY CENTRAL PARK, NY US",2017-09-11,0,0,,76,55
USW00094728,"NY CITY CENTRAL PARK, NY US",2017-09-12,0,0,,78,59
USW00094728,"NY CITY CENTRAL PARK, NY US",2017-09-13,0.06,0,,83,64
USW00094728,"NY CITY CENTRAL PARK, NY US",2017-09-14,0.02,0,,81,70
USW00094728,"NY CITY CENTRAL PARK, NY US",2017-09-15,0,0,,81,67
USW00094728,"NY CITY CENTRAL PARK, NY US",2017-09-16,0,0,,82,70
USW00094728,"NY CITY CENTRAL PARK, NY US",2017-09-17,0,0,,81,68
USW00094728,"NY CITY CENTRAL PARK, NY US",2017-09-18,0,0,,73,68
USW00094728,"NY CITY CENTRAL PARK, NY US",2017-09-19,0.22,0,,78,69
USW00094728,"NY CITY CENTRAL PARK, NY US",2017-09-20,0,0,,79,71
USW00094728,"NY CITY CENTRAL PARK, NY US",2017-09-21,0,0,,80,71
USW00094728,"NY CITY CENTRAL PARK, NY US",2017-09-22,0,0,,82,66
USW00094728,"NY CITY CENTRAL PARK, NY US",2017-09-23,0,0,,87,68
USW00094728,"NY CITY CENTRAL PARK, NY US",2017-09-24,0,0,,91,69
USW00094728,"NY CITY CENTRAL PARK, NY US",2017-09-25,0,0,,88,70
USW00094728,"NY CITY CENTRAL PARK, NY US",2017-09-26,0,0,,84,68
USW00094728,"NY CITY CENTRAL PARK, NY US",2017-09-27,0,0,,87,69
USW00094728,"NY CITY CENTRAL PARK, NY US",2017-09-28,0,0,,79,59
USW00094728,"NY CITY CENTRAL PARK, NY US",2017-09-29,0,0,,68,55
USW00094728,"NY CITY CENTRAL PARK, NY US",2017-09-30,0,0,,66,54
USW00094728,"NY CITY CENTRAL PARK, NY US",2017-10-01,0,0,,68,50
USW00094728,"NY CITY CENTRAL PARK, NY US",2017-10-02,0,0,,73,52
USW00094728,"NY CITY CENTRAL PARK, NY US",2017-10-03,0,0,,71,57
USW00094728,"NY CITY CENTRAL PARK, NY US",2017-10-04,0,0,,75,56
USW00094728,"NY CITY CENTRAL PARK, NY US",2017-10-05,0,0,,83,65
USW00094728,"NY CITY CENTRAL PARK, NY US",2017-10-06,0,0,,82,68
USW00094728,"NY CITY CENTRAL PARK, NY US",2017-10-07,0,0,,81,66
USW00094728,"NY CITY CENTRAL PARK, NY US",2017-10-08,0.22,0,,77,72
USW00094728,"NY CITY CENTRAL PARK, NY US",2017-10-09,0.26,0,,77,71
USW00094728,"NY CITY CENTRAL PARK, NY US",2017-10-10,0,0,,81,66
USW00094728,"NY CITY CENTRAL PARK, NY US",2017-10-11,0.06,0,,77,60
USW00094728,"NY CITY CENTRAL PARK, NY US",2017-10-12,0.07,0,,64,55
USW00094728,"NY CITY CENTRAL PARK, NY US",2017-10-13,0,0,,67,52
USW00094728,"NY CITY CENTRAL PARK, NY US",2017-10-14,0.08,0,,72,61
USW00094728,"NY CITY CENTRAL PARK, NY US",2017-10-15,0,0,,74,65
USW00094728,"NY CITY CENTRAL PARK, NY US",2017-10-16,0.01,0,,69,46
USW00094728,"NY CITY CENTRAL PARK, NY US",2017-10-17,0,0,,58,42
USW00094728,"NY CITY CENTRAL PARK, NY US",2017-10-18,0,0,,72,50
USW00094728,"NY CITY CENTRAL PARK, NY US",2017-10-19,0,0,,71,56
USW00094728,"NY CITY CENTRAL PARK, NY US",2017-10-20,0,0,,73,57
USW00094728,"NY CITY CENTRAL PARK, NY US",2017-10-21,0,0,,78,56
USW00094728,"NY CITY CENTRAL PARK, NY US",2017-10-22,0,0,,76,57
USW00094728,"NY CITY CENTRAL PARK, NY US",2017-10-23,0,0,,74,61
USW00094728,"NY CITY CENTRAL PARK, NY US",2017-10-24,0.2,0,,74,67
USW00094728,"NY CITY CENTRAL PARK, NY US",2017-10-25,0,0,,67,57
USW00094728,"NY CITY CENTRAL PARK, NY US",2017-10-26,0,0,,58,50
USW00094728,"NY CITY CENTRAL PARK, NY US",2017-10-27,0,0,,62,47
USW00094728,"NY CITY CENTRAL PARK, NY US",2017-10-28,0,0,,69,55
USW00094728,"NY CITY CENTRAL PARK, NY US",2017-10-29,3.03,0,,67,60
USW00094728,"NY CITY CENTRAL PARK, NY US",2017-10-30,0.25,0,,61,46
USW00094728,"NY CITY CENTRAL PARK, NY US",2017-10-31,0,0,,57,45
USW00094728,"NY CITY CENTRAL PARK, NY US",2017-11-01,0,0,,59,43
USW00094728,"NY CITY CENTRAL PARK, NY US",2017-11-02,0,0,,72,58
USW00094728,"NY CITY CENTRAL PARK, NY US",2017-11-03,0,0,,74,51
USW00094728,"NY CITY CENTRAL PARK, NY US",2017-11-04,0,0,,56,46
USW00094728,"NY CITY CENTRAL PARK, NY US",2017-11-05,0.02,0,,61,51
USW00094728,"NY CITY CENTRAL PARK, NY US",2017-11-06,0.01,0,,66,46
USW00094728,"NY CITY CENTRAL PARK, NY US",2017-11-07,0.7,0,,49,40
USW00094728,"NY CITY CENTRAL PARK, NY US",2017-11-08,0,0,,49,39
USW00094728,"NY CITY CENTRAL PARK, NY US",2017-11-09,0,0,,55,39
USW00094728,"NY CITY CENTRAL PARK, NY US",2017-11-10,0.01,0,,51,25
USW00094728,"NY CITY CENTRAL PARK, NY US",2017-11-11,0,0,,38,24
USW00094728,"NY CITY CENTRAL PARK, NY US",2017-11-12,0,0,,46,32
USW00094728,"NY CITY CENTRAL PARK, NY US",2017-11-13,0.07,0,,47,39
USW00094728,"NY CITY CENTRAL PARK, NY US",2017-11-14,0,0,,48,35
USW00094728,"NY CITY CENTRAL PARK, NY US",2017-11-15,0,0,,51,37
USW00094728,"NY CITY CENTRAL PARK, NY US",2017-11-16,0.2,0,,57,43
USW00094728,"NY CITY CENTRAL PARK, NY US",2017-11-17,0,0,,47,37
USW00094728,"NY CITY CENTRAL PARK, NY US",2017-11-18,0.1,0,,56,34
USW00094728,"NY CITY CENTRAL PARK, NY US",2017-11-19,0.23,0,,59,38
USW00094728,"NY CITY CENTRAL PARK, NY US",2017-11-20,0,0,,47,36
USW00094728,"NY CITY CENTRAL PARK, NY US",2017-11-21,0,0,,58,42
USW00094728,"NY CITY CENTRAL PARK, NY US",2017-11-22,0.21,0,,56,35
USW00094728,"NY CITY CENTRAL PARK, NY US",2017-11-23,0,0,,43,31
USW00094728,"NY CITY CENTRAL PARK, NY US",2017-11-24,0,0,,50,35
USW00094728,"NY CITY CENTRAL PARK, NY US",2017-11-25,0,0,,57,43
USW00094728,"NY CITY CENTRAL PARK, NY US",2017-11-26,0,0,,51,40
USW00094728,"NY CITY CENTRAL PARK, NY US",2017-11-27,0,0,,51,39
USW00094728,"NY CITY CENTRAL PARK, NY US",2017-11-28,0,0,,54,36
USW00094728,"NY CITY CENTRAL PARK, NY US",2017-11-29,0,0,,63,42
USW00094728,"NY CITY CENTRAL PARK, NY US",2017-11-30,0.03,0,,53,38
USW00094728,"NY CITY CENTRAL PARK, NY US",2017-12-01,0,0,,52,42
USW00094728,"NY CITY CENTRAL PARK, NY US",2017-12-02,0,0,,48,39
USW00094728,"NY CITY CENTRAL PARK, NY US",2017-12-03,0,0,,48,42
USW00094728,"NY CITY CENTRAL PARK, NY US",2017-12-04,0,0,,51,40
USW00094728,"NY CITY CENTRAL PARK, NY US",2017-12-05,0.75,0,,61,50
USW00094728,"NY CITY CENTRAL PARK, NY US",2017-12-06,0,0,,59,40
USW00094728,"NY CITY CENTRAL PARK, NY US",2017-12-07,0,0,,44,37
USW00094728,"NY CITY CENTRAL PARK, NY US",2017-12-08,0,0,,39,34
USW00094728,"NY CITY CENTRAL PARK, NY US",2017-12-09,0.46,4.6,,35,30
USW00094728,"NY CITY CENTRAL PARK, NY US",2017-12-10,0,0,,39,29
USW00094728,"NY CITY CENTRAL PARK, NY US",2017-12-11,0,0,,41,33
USW00094728,"NY CITY CENTRAL PARK, NY US",2017-12-12,0,0,,50,29
USW00094728,"NY CITY CENTRAL PARK, NY US",2017-12-13,0,0,,31,20
USW00094728,"NY CITY CENTRAL PARK, NY US",2017-12-14,0.09,1.2,,32,22
USW00094728,"NY CITY CENTRAL PARK, NY US",2017-12-15,0.11,1.2,,28,20
USW00094728,"NY CITY CENTRAL PARK, NY US",2017-12-16,0,0,,39,23
USW00094728,"NY CITY CENTRAL PARK, NY US",2017-12-17,0,0,,38,32
USW00094728,"NY CITY CENTRAL PARK, NY US",2017-12-18,0.02,0,,47,34
USW00094728,"NY CITY CENTRAL PARK, NY US",2017-12-19,0,0,,55,45
USW00094728,"NY CITY CENTRAL PARK, NY US",2017-12-20,0,0,,51,34
USW00094728,"NY CITY CENTRAL PARK, NY US",2017-12-21,0,0,,39,32
USW00094728,"NY CITY CENTRAL PARK, NY US",2017-12-22,0,0,,50,35
USW00094728,"NY CITY CENTRAL PARK, NY US",2017-12-23,0.49,0,,48,38
USW00094728,"NY CITY CENTRAL PARK, NY US",2017-12-24,0.01,0,,41,36
USW00094728,"NY CITY CENTRAL PARK, NY US",2017-12-25,0.23,0,,38,28
USW00094728,"NY CITY CENTRAL PARK, NY US",2017-12-26,0,0,,28,23
USW00094728,"NY CITY CENTRAL PARK, NY US",2017-12-27,0,0,,24,17
USW00094728,"NY CITY CENTRAL PARK, NY US",2017-12-28,0,0,,18,11
USW00094728,"NY CITY CENTRAL PARK, NY US",2017-12-29,0,0,,22,11
USW00094728,"NY CITY CENTRAL PARK, NY US",2017-12-30,0.05,0.7,,23,17
USW00094728,"NY CITY CENTRAL PARK, NY US",2017-12-31,0,0,,21,9
USW00094728,"NY CITY CENTRAL PARK, NY US",2018-01-01,0,0,,19,7
USW00094728,"NY CITY CENTRAL PARK, NY US",2018-01-02,0,0,,26,13
USW00094728,"NY CITY CENTRAL PARK, NY US",2018-01-03,0,0,,30,16
USW00094728,"NY CITY CENTRAL PARK, NY US",2018-01-04,0.76,9.8,,29,19
USW00094728,"NY CITY CENTRAL PARK, NY US",2018-01-05,0,0,,19,9
USW00094728,"NY CITY CENTRAL PARK, NY US",2018-01-06,0,0,,13,6
USW00094728,"NY CITY CENTRAL PARK, NY US",2018-01-07,0,0,,18,5
USW00094728,"NY CITY CENTRAL PARK, NY US",2018-01-08,0.01,0,,31,17
USW00094728,"NY CITY CENTRAL PARK, NY US",2018-01-09,0,0,,44,30
USW00094728,"NY CITY CENTRAL PARK, NY US",2018-01-10,0,0,,43,30
USW00094728,"NY CITY CENTRAL PARK, NY US",2018-01-11,0,0,,53,41
USW00094728,"NY CITY CENTRAL PARK, NY US",2018-01-12,0.54,0,,61,44
USW00094728,"NY CITY CENTRAL PARK, NY US",2018-01-13,0.05,0,,58,19
USW00094728,"NY CITY CENTRAL PARK, NY US",2018-01-14,0,0,,25,15
USW00094728,"NY CITY CENTRAL PARK, NY US",2018-01-15,0,0,,30,16
USW00094728,"NY CITY CENTRAL PARK, NY US",2018-01-16,0,0,,36,25
USW00094728,"NY CITY CENTRAL PARK, NY US",2018-01-17,0.19,0.4,,36,22
USW00094728,"NY CITY CENTRAL PARK, NY US",2018-01-18,0,0,,32,18
USW00094728,"NY CITY CENTRAL PARK, NY US",2018-01-19,0,0,,41,24
USW00094728,"NY CITY CENTRAL PARK, NY US",2018-01-20,0,0,,52,38
USW00094728,"NY CITY CENTRAL PARK, NY US",2018-01-21,0,0,,50,42
USW00094728,"NY CITY CENTRAL PARK, NY US",2018-01-22,0.01,0,,49,38
USW00094728,"NY CITY CENTRAL PARK, NY US",2018-01-23,0.3,0,,60,38
USW00094728,"NY CITY CENTRAL PARK, NY US",2018-01-24,0,0,,44,27
USW00094728,"NY CITY CENTRAL PARK, NY US",2018-01-25,0,0,,34,23
USW00094728,"NY CITY CENTRAL PARK, NY US",2018-01-26,0,0,,38,26
USW00094728,"NY CITY CENTRAL PARK, NY US",2018-01-27,0,0,,56,35
USW00094728,"NY CITY CENTRAL PARK, NY US",2018-01-28,0.21,0,,55,46
USW00094728,"NY CITY CENTRAL PARK, NY US",2018-01-29,0,0.1,,47,35
USW00094728,"NY CITY CENTRAL PARK, NY US",2018-01-30,0.11,0.9,,36,24
USW00094728,"NY CITY CENTRAL PARK, NY US",2018-01-31,0,0,,33,18
USW00094728,"NY CITY CENTRAL PARK, NY US",2018-02-01,0.05,0,,45,32
USW00094728,"NY CITY CENTRAL PARK, NY US",2018-02-02,0.18,0,,41,17
USW00094728,"NY CITY CENTRAL PARK, NY US",2018-02-03,0,0,,31,16
USW00094728,"NY CITY CENTRAL PARK, NY US",2018-02-04,0.96,0,,46,30
USW00094728,"NY CITY CENTRAL PARK, NY US",2018-02-05,0,0,,40,26
USW00094728,"NY CITY CENTRAL PARK, NY US",2018-02-06,0,0,,37,26
USW00094728,"NY CITY CENTRAL PARK, NY US",2018-02-07,0.85,0.5,,45,30
USW00094728,"NY CITY CENTRAL PARK, NY US",2018-02-08,0,0,,33,25
USW00094728,"NY CITY CENTRAL PARK, NY US",2018-02-09,0,0,,39,26
USW00094728,"NY CITY CENTRAL PARK, NY US",2018-02-10,0.58,0,,50,39
USW00094728,"NY CITY CENTRAL PARK, NY US",2018-02-11,1.21,0,,62,45
USW00094728,"NY CITY CENTRAL PARK, NY US",2018-02-12,0,0,,62,32
USW00094728,"NY CITY CENTRAL PARK, NY US",2018-02-13,0,0,,38,26
USW00094728,"NY CITY CENTRAL PARK, NY US",2018-02-14,0.08,0,,53,35
USW00094728,"NY CITY CENTRAL PARK, NY US",2018-02-15,0.16,0,,62,46
USW00094728,"NY CITY CENTRAL PARK, NY US",2018-02-16,0.09,0,,58,36
USW00094728,"NY CITY CENTRAL PARK, NY US",2018-02-17,0.52,4.4,,40,28
USW00094728,"NY CITY CENTRAL PARK, NY US",2018-02-18,0.01,0,,44,33
USW00094728,"NY CITY CENTRAL PARK, NY US",2018-02-19,0.04,0,,49,36
USW00094728,"NY CITY CENTRAL PARK, NY US",2018-02-20,0,0,,67,47
USW00094728,"NY CITY CENTRAL PARK, NY US",2018-02-21,0.06,0,,78,55
USW00094728,"NY CITY CENTRAL PARK, NY US",2018-02-22,0.17,0,,59,37
USW00094728,"NY CITY CENTRAL PARK, NY US",2018-02-23,0.06,0,,42,36
USW00094728,"NY CITY CENTRAL PARK, NY US",2018-02-24,0.08,0,,55,42
USW00094728,"NY CITY CENTRAL PARK, NY US",2018-02-25,0.73,0,,44,40
USW00094728,"NY CITY CENTRAL PARK, NY US",2018-02-26,0,0,,52,43
USW00094728,"NY CITY CENTRAL PARK, NY US",2018-02-27,0,0,,56,39
USW00094728,"NY CITY CENTRAL PARK, NY US",2018-02-28,0,0,,61,42
USW00094728,"NY CITY CENTRAL PARK, NY US",2018-03-01,0.38,0,,60,44
USW00094728,"NY CITY CENTRAL PARK, NY US",2018-03-02,1.86,0,,44,34
USW00094728,"NY CITY CENTRAL PARK, NY US",2018-03-03,0,0,,49,36
USW00094728,"NY CITY CENTRAL PARK, NY US",2018-03-04,0,0,,44,34
USW00094728,"NY CITY CENTRAL PARK, NY US",2018-03-05,0,0,,43,33
USW00094728,"NY CITY CENTRAL PARK, NY US",2018-03-06,0,0,,47,32
USW00094728,"NY CITY CENTRAL PARK, NY US",2018-03-07,1.41,3.2,,39,33
USW00094728,"NY CITY CENTRAL PARK, NY US",2018-03-08,0,0,,39,33
USW00094728,"NY CITY CENTRAL PARK, NY US",2018-03-09,0,0,,42,30
USW00094728,"NY CITY CENTRAL PARK, NY US",2018-03-10,0,0,,40,31
USW00094728,"NY CITY CENTRAL PARK, NY US",2018-03-11,0,0,,45,32
USW00094728,"NY CITY CENTRAL PARK, NY US",2018-03-12,0.08,0,,43,32
USW00094728,"NY CITY CENTRAL PARK, NY US",2018-03-13,0.28,0,,40,33
USW00094728,"NY CITY CENTRAL PARK, NY US",2018-03-14,0.01,0,,41,31
USW00094728,"NY CITY CENTRAL PARK, NY US",2018-03-15,0,0,,48,32
USW00094728,"NY CITY CENTRAL PARK, NY US",2018-03-16,0,0,,40,30
USW00094728,"NY CITY CENTRAL PARK, NY US",2018-03-17,0,0,,48,27
USW00094728,"NY CITY CENTRAL PARK, NY US",2018-03-18,0,0,,43,28
USW00094728,"NY CITY CENTRAL PARK, NY US",2018-03-19,0,0,,47,33
USW00094728,"NY CITY CENTRAL PARK, NY US",2018-03-20,0,0,,39,30
USW00094728,"NY CITY CENTRAL PARK, NY US",2018-03-21,0.99,8.2,,39,31
USW00094728,"NY CITY CENTRAL PARK, NY US",2018-03-22,0.06,0.2,,50,32
USW00094728,"NY CITY CENTRAL PARK, NY US",2018-03-23,0,0,,49,35
USW00094728,"NY CITY CENTRAL PARK, NY US",2018-03-24,0,0,,51,35
USW00094728,"NY CITY CENTRAL PARK, NY US",2018-03-25,0,0,,45,33
USW00094728,"NY CITY CENTRAL PARK, NY US",2018-03-26,0,0,,50,34
USW00094728,"NY CITY CENTRAL PARK, NY US",2018-03-27,0.01,0,,47,34
USW00094728,"NY CITY CENTRAL PARK, NY US",2018-03-28,0.03,0,,52,38
USW00094728,"NY CITY CENTRAL PARK, NY US",2018-03-29,0.03,0,,53,49
USW00094728,"NY CITY CENTRAL PARK, NY US",2018-03-30,0.03,0,,62,44
USW00094728,"NY CITY CENTRAL PARK, NY US",2018-03-31,0,0,,58,39
USW00094728,"NY CITY CENTRAL PARK, NY US",2018-04-01,0,0,,60,43
USW00094728,"NY CITY CENTRAL PARK, NY US",2018-04-02,0.59,5.5,,43,33
USW00094728,"NY CITY CENTRAL PARK, NY US",2018-04-03,0.26,0,,43,39
USW00094728,"NY CITY CENTRAL PARK, NY US",2018-04-04,0.04,0,,56,40
USW00094728,"NY CITY CENTRAL PARK, NY US",2018-04-05,0,0,,45,34
USW00094728,"NY CITY CENTRAL PARK, NY US",2018-04-06,0.11,0,,62,37
USW00094728,"NY CITY CENTRAL PARK, NY US",2018-04-07,0,0,,49,37
USW00094728,"NY CITY CENTRAL PARK, NY US",2018-04-08,0,0,,46,32
USW00094728,"NY CITY CENTRAL PARK, NY US",2018-04-09,0,0,,49,32
USW00094728,"NY CITY CENTRAL PARK, NY US",2018-04-10,0.01,0,,51,38
USW00094728,"NY CITY CENTRAL PARK, NY US",2018-04-11,0,0,,51,37
USW00094728,"NY CITY CENTRAL PARK, NY US",2018-04-12,0,0,,63,46
USW00094728,"NY CITY CENTRAL PARK, NY US",2018-04-13,0,0,,82,60
USW00094728,"NY CITY CENTRAL PARK, NY US",2018-04-14,0,0,,77,44
USW00094728,"NY CITY CENTRAL PARK, NY US",2018-04-15,0.47,0,,44,38
USW00094728,"NY CITY CENTRAL PARK, NY US",2018-04-16,2.82,0,,60,39
USW00094728,"NY CITY CENTRAL PARK, NY US",2018-04-17,0,0,,47,39
USW00094728,"NY CITY CENTRAL PARK, NY US",2018-04-18,0,0,,55,37
USW00094728,"NY CITY CENTRAL PARK, NY US",2018-04-19,0.15,0,,49,38
USW00094728,"NY CITY CENTRAL PARK, NY US",2018-04-20,0,0,,50,37
USW00094728,"NY CITY CENTRAL PARK, NY US",2018-04-21,0,0,,63,39
USW00094728,"NY CITY CENTRAL PARK, NY US",2018-04-22,0,0,,67,44
USW00094728,"NY CITY CENTRAL PARK, NY US",2018-04-23,0,0,,68,46
USW00094728,"NY CITY CENTRAL PARK, NY US",2018-04-24,0.05,0,,66,46
USW00094728,"NY CITY CENTRAL PARK, NY US",2018-04-25,0.95,0,,60,52
USW00094728,"NY CITY CENTRAL PARK, NY US",2018-04-26,0.1,0,,70,55
USW00094728,"NY CITY CENTRAL PARK, NY US",2018-04-27,0.05,0,,59,51
USW00094728,"NY CITY CENTRAL PARK, NY US",2018-04-28,0.1,0,,68,50
USW00094728,"NY CITY CENTRAL PARK, NY US",2018-04-29,0.08,0,,59,47
USW00094728,"NY CITY CENTRAL PARK, NY US",2018-04-30,0,0,,51,44
USW00094728,"NY CITY CENTRAL PARK, NY US",2018-05-01,0,0,,80,48
USW00094728,"NY CITY CENTRAL PARK, NY US",2018-05-02,0,0,,90,65
USW00094728,"NY CITY CENTRAL PARK, NY US",2018-05-03,0.02,0,,92,70
USW00094728,"NY CITY CENTRAL PARK, NY US",2018-05-04,0,0,,84,72
USW00094728,"NY CITY CENTRAL PARK, NY US",2018-05-05,0,0,,76,61
USW00094728,"NY CITY CENTRAL PARK, NY US",2018-05-06,0,0,,66,56
USW00094728,"NY CITY CENTRAL PARK, NY US",2018-05-07,0,0,,77,54
USW00094728,"NY CITY CENTRAL PARK, NY US",2018-05-08,0,0,,74,53
USW00094728,"NY CITY CENTRAL PARK, NY US",2018-05-09,0,0,,77,54
USW00094728,"NY CITY CENTRAL PARK, NY US",2018-05-10,0.25,0,,66,54
USW00094728,"NY CITY CENTRAL PARK, NY US",2018-05-11,0,0,,73,60
USW00094728,"NY CITY CENTRAL PARK, NY US",2018-05-12,0.22,0,,63,51
USW00094728,"NY CITY CENTRAL PARK, NY US",2018-05-13,0.1,0,,54,52
USW00094728,"NY CITY CENTRAL PARK, NY US",2018-05-14,0.03,0,,71,52
USW00094728,"NY CITY CENTRAL PARK, NY US",2018-05-15,0.58,0,,88,61
USW00094728,"NY CITY CENTRAL PARK, NY US",2018-05-16,0.34,0,,64,56
USW00094728,"NY CITY CENTRAL PARK, NY US",2018-05-17,0.22,0,,71,56
USW00094728,"NY CITY CENTRAL PARK, NY US",2018-05-18,0,0,,67,56
USW00094728,"NY CITY CENTRAL PARK, NY US",2018-05-19,0.65,0,,56,49
USW00094728,"NY CITY CENTRAL PARK, NY US",2018-05-20,0,0,,81,56
USW00094728,"NY CITY CENTRAL PARK, NY US",2018-05-21,0,0,,79,58
USW00094728,"NY CITY CENTRAL PARK, NY US",2018-05-22,0.29,0,,68,55
USW00094728,"NY CITY CENTRAL PARK, NY US",2018-05-23,0.29,0,,81,59
USW00094728,"NY CITY CENTRAL PARK, NY US",2018-05-24,0,0,,83,63
USW00094728,"NY CITY CENTRAL PARK, NY US",2018-05-25,0,0,,86,65
USW00094728,"NY CITY CENTRAL PARK, NY US",2018-05-26,0,0,,89,72
USW00094728,"NY CITY CENTRAL PARK, NY US",2018-05-27,0.44,0,,80,56
USW00094728,"NY CITY CENTRAL PARK, NY US",2018-05-28,0,0,,69,56
USW00094728,"NY CITY CENTRAL PARK, NY US",2018-05-29,0,0,,89,63
USW00094728,"NY CITY CENTRAL PARK, NY US",2018-05-30,0,0,,78,61
USW00094728,"NY CITY CENTRAL PARK, NY US",2018-05-31,0.1,0,,68,63
USW00094728,"NY CITY CENTRAL PARK, NY US",2018-06-01,0.27,0,,81,65
USW00094728,"NY CITY CENTRAL PARK, NY US",2018-06-02,0.08,0,,87,66
USW00094728,"NY CITY CENTRAL PARK, NY US",2018-06-03,0.25,0,,66,51
USW00094728,"NY CITY CENTRAL PARK, NY US",2018-06-04,0.16,0,,71,51
USW00094728,"NY CITY CENTRAL PARK, NY US",2018-06-05,0,0,,75,58
USW00094728,"NY CITY CENTRAL PARK, NY US",2018-06-06,0,0,,71,58
USW00094728,"NY CITY CENTRAL PARK, NY US",2018-06-07,0,0,,71,60
USW00094728,"NY CITY CENTRAL PARK, NY US",2018-06-08,0,0,,82,60
USW00094728,"NY CITY CENTRAL PARK, NY US",2018-06-09,0,0,,83,67
USW00094728,"NY CITY CENTRAL PARK, NY US",2018-06-10,0.01,0,,73,58
USW00094728,"NY CITY CENTRAL PARK, NY US",2018-06-11,0,0,,73,58
USW00094728,"NY CITY CENTRAL PARK, NY US",2018-06-12,0,0,,75,57
USW00094728,"NY CITY CENTRAL PARK, NY US",2018-06-13,0.04,0,,78,63
USW00094728,"NY CITY CENTRAL PARK, NY US",2018-06-14,0,0,,84,67
USW00094728,"NY CITY CENTRAL PARK, NY US",2018-06-15,0,0,,76,63
USW00094728,"NY CITY CENTRAL PARK, NY US",2018-06-16,0,0,,85,64
USW00094728,"NY CITY CENTRAL PARK, NY US",2018-06-17,0,0,,91,66
USW00094728,"NY CITY CENTRAL PARK, NY US",2018-06-18,0.08,0,,91,73
USW00094728,"NY CITY CENTRAL PARK, NY US",2018-06-19,0.07,0,,88,75
USW00094728,"NY CITY CENTRAL PARK, NY US",2018-06-20,0.09,0,,83,69
USW00094728,"NY CITY CENTRAL PARK, NY US",2018-06-21,0.59,0,,83,65
USW00094728,"NY CITY CENTRAL PARK, NY US",2018-06-22,0.1,0,,75,62
USW00094728,"NY CITY CENTRAL PARK, NY US",2018-06-23,0,0,,66,62
USW00094728,"NY CITY CENTRAL PARK, NY US",2018-06-24,0,0,,84,66
USW00094728,"NY CITY CENTRAL PARK, NY US",2018-06-25,0,0,,81,67
USW00094728,"NY CITY CENTRAL PARK, NY US",2018-06-26,0,0,,78,61
USW00094728,"NY CITY CENTRAL PARK, NY US",2018-06-27,0.01,0,,73,66
USW00094728,"NY CITY CENTRAL PARK, NY US",2018-06-28,1.36,0,,83,70
USW00094728,"NY CITY CENTRAL PARK, NY US",2018-06-29,0,0,,89,70
USW00094728,"NY CITY CENTRAL PARK, NY US",2018-06-30,0,0,,93,72
USW00094728,"NY CITY CENTRAL PARK, NY US",2018-07-01,0,0,,96,79
USW00094728,"NY CITY CENTRAL PARK, NY US",2018-07-02,0,0,,95,79
USW00094728,"NY CITY CENTRAL PARK, NY US",2018-07-03,0.01,0,,92,77
USW00094728,"NY CITY CENTRAL PARK, NY US",2018-07-04,0,0,,86,77
USW00094728,"NY CITY CENTRAL PARK, NY US",2018-07-05,0,0,,90,76
USW00094728,"NY CITY CENTRAL PARK, NY US",2018-07-06,0.23,0,,80,69
USW00094728,"NY CITY CENTRAL PARK, NY US",2018-07-07,0,0,,78,62
USW00094728,"NY CITY CENTRAL PARK, NY US",2018-07-08,0,0,,84,62
USW00094728,"NY CITY CENTRAL PARK, NY US",2018-07-09,0,0,,87,67
USW00094728,"NY CITY CENTRAL PARK, NY US",2018-07-10,0,0,,93,72
USW00094728,"NY CITY CENTRAL PARK, NY US",2018-07-11,0,0,,88,74
USW00094728,"NY CITY CENTRAL PARK, NY US",2018-07-12,0.71,0,,84,64
USW00094728,"NY CITY CENTRAL PARK, NY US",2018-07-13,0,0,,84,68
USW00094728,"NY CITY CENTRAL PARK, NY US",2018-07-14,0.36,0,,88,70
USW00094728,"NY CITY CENTRAL PARK, NY US",2018-07-15,0.64,0,,83,69
USW00094728,"NY CITY CENTRAL PARK, NY US",2018-07-16,0,0,,90,75
USW00094728,"NY CITY CENTRAL PARK, NY US",2018-07-17,2.24,0,,88,70
USW00094728,"NY CITY CENTRAL PARK, NY US",2018-07-18,0,0,,85,66
USW00094728,"NY CITY CENTRAL PARK, NY US",2018-07-19,0,0,,83,66
USW00094728,"NY CITY CENTRAL PARK, NY US",2018-07-20,0,0,,82,69
USW00094728,"NY CITY CENTRAL PARK, NY US",2018-07-21,0.63,0,,79,65
USW00094728,"NY CITY CENTRAL PARK, NY US",2018-07-22,1.06,0,,79,70
USW00094728,"NY CITY CENTRAL PARK, NY US",2018-07-23,0.17,0,,80,73
USW00094728,"NY CITY CENTRAL PARK, NY US",2018-07-24,0.02,0,,82,75
USW00094728,"NY CITY CENTRAL PARK, NY US",2018-07-25,0.73,0,,77,72
USW00094728,"NY CITY CENTRAL PARK, NY US",2018-07-26,0.03,0,,85,72
USW00094728,"NY CITY CENTRAL PARK, NY US",2018-07-27,0.25,0,,86,68
USW00094728,"NY CITY CENTRAL PARK, NY US",2018-07-28,0,0,,85,70
USW00094728,"NY CITY CENTRAL PARK, NY US",2018-07-29,0,0,,82,70
USW00094728,"NY CITY CENTRAL PARK, NY US",2018-07-30,0.37,0,,78,68
USW00094728,"NY CITY CENTRAL PARK, NY US",2018-07-31,0,0,,82,68
USW00094728,"NY CITY CENTRAL PARK, NY US",2018-08-01,0.1,0,,84,74
USW00094728,"NY CITY CENTRAL PARK, NY US",2018-08-02,0.51,0,,86,76
USW00094728,"NY CITY CENTRAL PARK, NY US",2018-08-03,0.24,0,,85,73
USW00094728,"NY CITY CENTRAL PARK, NY US",2018-08-04,0.74,0,,84,72
USW00094728,"NY CITY CENTRAL PARK, NY US",2018-08-05,0,0,,91,73
USW00094728,"NY CITY CENTRAL PARK, NY US",2018-08-06,0,0,,92,77
USW00094728,"NY CITY CENTRAL PARK, NY US",2018-08-07,0.05,0,,90,74
USW00094728,"NY CITY CENTRAL PARK, NY US",2018-08-08,0,0,,90,76
USW00094728,"NY CITY CENTRAL PARK, NY US",2018-08-09,0.61,0,,86,73
USW00094728,"NY CITY CENTRAL PARK, NY US",2018-08-10,0,0,,86,72
USW00094728,"NY CITY CENTRAL PARK, NY US",2018-08-11,2.9,0,,80,70
USW00094728,"NY CITY CENTRAL PARK, NY US",2018-08-12,0,0,,84,72
USW00094728,"NY CITY CENTRAL PARK, NY US",2018-08-13,0.66,0,,75,71
USW00094728,"NY CITY CENTRAL PARK, NY US",2018-08-14,0.79,0,,82,71
USW00094728,"NY CITY CENTRAL PARK, NY US",2018-08-15,0,0,,86,70
USW00094728,"NY CITY CENTRAL PARK, NY US",2018-08-16,0,0,,88,76
USW00094728,"NY CITY CENTRAL PARK, NY US",2018-08-17,1.04,0,,87,72
USW00094728,"NY CITY CENTRAL PARK, NY US",2018-08-18,0.07,0,,85,71
USW00094728,"NY CITY CENTRAL PARK, NY US",2018-08-19,0.02,0,,72,67
USW00094728,"NY CITY CENTRAL PARK, NY US",2018-08-20,0,0,,74,67
USW00094728,"NY CITY CENTRAL PARK, NY US",2018-08-21,0.11,0,,79,66
USW00094728,"NY CITY CENTRAL PARK, NY US",2018-08-22,0.72,0,,82,71
USW00094728,"NY CITY CENTRAL PARK, NY US",2018-08-23,0,0,,77,65
USW00094728,"NY CITY CENTRAL PARK, NY US",2018-08-24,0,0,,82,65
USW00094728,"NY CITY CENTRAL PARK, NY US",2018-08-25,0,0,,80,68
USW00094728,"NY CITY CENTRAL PARK, NY US",2018-08-26,0,0,,83,69
USW00094728,"NY CITY CENTRAL PARK, NY US",2018-08-27,0,0,,88,74
USW00094728,"NY CITY CENTRAL PARK, NY US",2018-08-28,0,0,,94,79
USW00094728,"NY CITY CENTRAL PARK, NY US",2018-08-29,0,0,,92,81
USW00094728,"NY CITY CENTRAL PARK, NY US",2018-08-30,0,0,,90,78
USW00094728,"NY CITY CENTRAL PARK, NY US",2018-08-31,0.03,0,,78,69
USW00094728,"NY CITY CENTRAL PARK, NY US",2018-09-01,0,0,,78,69
USW00094728,"NY CITY CENTRAL PARK, NY US",2018-09-02,0,0,,81,68
USW00094728,"NY CITY CENTRAL PARK, NY US",2018-09-03,0,0,,90,75
USW00094728,"NY CITY CENTRAL PARK, NY US",2018-09-04,0,0,,92,77
USW00094728,"NY CITY CENTRAL PARK, NY US",2018-09-05,0,0,,89,77
USW00094728,"NY CITY CENTRAL PARK, NY US",2018-09-06,0.36,0,,93,73
USW00094728,"NY CITY CENTRAL PARK, NY US",2018-09-07,0,0,,75,69
USW00094728,"NY CITY CENTRAL PARK, NY US",2018-09-08,0.02,0,,71,61
USW00094728,"NY CITY CENTRAL PARK, NY US",2018-09-09,0.45,0,,62,55
USW00094728,"NY CITY CENTRAL PARK, NY US",2018-09-10,0.93,0,,64,54
USW00094728,"NY CITY CENTRAL PARK, NY US",2018-09-11,0.02,0,,74,62
USW00094728,"NY CITY CENTRAL PARK, NY US",2018-09-12,0.15,0,,77,71
USW00094728,"NY CITY CENTRAL PARK, NY US",2018-09-13,0.13,0,,76,69
USW00094728,"NY CITY CENTRAL PARK, NY US",2018-09-14,0,0,,75,68
USW00094728,"NY CITY CENTRAL PARK, NY US",2018-09-15,0,0,,80,67
USW00094728,"NY CITY CENTRAL PARK, NY US",2018-09-16,0,0,,84,67
USW00094728,"NY CITY CENTRAL PARK, NY US",2018-09-17,0.01,0,,79,68
USW00094728,"NY CITY CENTRAL PARK, NY US",2018-09-18,1.19,0,,79,70
USW00094728,"NY CITY CENTRAL PARK, NY US",2018-09-19,0,0,,81,68
USW00094728,"NY CITY CENTRAL PARK, NY US",2018-09-20,0,0,,72,65
USW00094728,"NY CITY CENTRAL PARK, NY US",2018-09-21,0,0,,72,67
USW00094728,"NY CITY CENTRAL PARK, NY US",2018-09-22,0,0,,74,62
USW00094728,"NY CITY CENTRAL PARK, NY US",2018-09-23,0,0,,66,60
USW00094728,"NY CITY CENTRAL PARK, NY US",2018-09-24,0,0,,69,57
USW00094728,"NY CITY CENTRAL PARK, NY US",2018-09-25,1.95,0,,73,59
USW00094728,"NY CITY CENTRAL PARK, NY US",2018-09-26,0.21,0,,82,69
USW00094728,"NY CITY CENTRAL PARK, NY US",2018-09-27,0,0,,72,61
USW00094728,"NY CITY CENTRAL PARK, NY US",2018-09-28,0.77,0,,65,56
USW00094728,"NY CITY CENTRAL PARK, NY US",2018-09-29,0,0,,72,58
USW00094728,"NY CITY CENTRAL PARK, NY US",2018-09-30,0,0,,70,54
USW00094728,"NY CITY CENTRAL PARK, NY US",2018-10-01,0,0,,76,63
USW00094728,"NY CITY CENTRAL PARK, NY US",2018-10-02,0.69,0,,77,65
USW00094728,"NY CITY CENTRAL PARK, NY US",2018-10-03,0,0,,74,63
USW00094728,"NY CITY CENTRAL PARK, NY US",2018-10-04,0.04,0,,76,61
USW00094728,"NY CITY CENTRAL PARK, NY US",2018-10-05,0,0,,71,60
USW00094728,"NY CITY CENTRAL PARK, NY US",2018-10-06,0,0,,68,63
USW00094728,"NY CITY CENTRAL PARK, NY US",2018-10-07,0,0,,79,67
USW00094728,"NY CITY CENTRAL PARK, NY US",2018-10-08,0,0,,74,64
USW00094728,"NY CITY CENTRAL PARK, NY US",2018-10-09,0,0,,77,66
USW00094728,"NY CITY CENTRAL PARK, NY US",2018-10-10,0,0,,80,71
USW00094728,"NY CITY CENTRAL PARK, NY US",2018-10-11,0.84,0,,77,69
USW00094728,"NY CITY CENTRAL PARK, NY US",2018-10-12,0.43,0,,68,51
USW00094728,"NY CITY CENTRAL PARK, NY US",2018-10-13,0.1,0,,55,46
USW00094728,"NY CITY CENTRAL PARK, NY US",2018-10-14,0,0,,58,47
USW00094728,"NY CITY CENTRAL PARK, NY US",2018-10-15,0.05,0,,68,52
USW00094728,"NY CITY CENTRAL PARK, NY US",2018-10-16,0.01,0,,60,47
USW00094728,"NY CITY CENTRAL PARK, NY US",2018-10-17,0,0,,61,46
USW00094728,"NY CITY CENTRAL PARK, NY US",2018-10-18,0,0,,50,42
USW00094728,"NY CITY CENTRAL PARK, NY US",2018-10-19,0,0,,60,43
USW00094728,"NY CITY CENTRAL PARK, NY US",2018-10-20,0.06,0,,62,51
USW00094728,"NY CITY CENTRAL PARK, NY US",2018-10-21,0,0,,51,39
USW00094728,"NY CITY CENTRAL PARK, NY US",2018-10-22,0,0,,50,39
USW00094728,"NY CITY CENTRAL PARK, NY US",2018-10-23,0,0,,63,49
USW00094728,"NY CITY CENTRAL PARK, NY US",2018-10-24,0,0,,54,44
USW00094728,"NY CITY CENTRAL PARK, NY US",2018-10-25,0,0,,51,40
USW00094728,"NY CITY CENTRAL PARK, NY US",2018-10-26,0,0,,50,38
USW00094728,"NY CITY CENTRAL PARK, NY US",2018-10-27,1.27,0,,51,44
USW00094728,"NY CITY CENTRAL PARK, NY US",2018-10-28,0.07,0,,52,45
USW00094728,"NY CITY CENTRAL PARK, NY US",2018-10-29,0.03,0,,56,47
USW00094728,"NY CITY CENTRAL PARK, NY US",2018-10-30,0,0,,55,42
USW00094728,"NY CITY CENTRAL PARK, NY US",2018-10-31,0,0,,64,44
USW00094728,"NY CITY CENTRAL PARK, NY US",2018-11-01,0,0,,70,57
USW00094728,"NY CITY CENTRAL PARK, NY US",2018-11-02,0.22,0,,72,64
USW00094728,"NY CITY CENTRAL PARK, NY US",2018-11-03,0.37,0,,65,48
USW00094728,"NY CITY CENTRAL PARK, NY US",2018-11-04,0,0,,55,43
USW00094728,"NY CITY CENTRAL PARK, NY US",2018-11-05,0.3,0,,53,48
USW00094728,"NY CITY CENTRAL PARK, NY US",2018-11-06,0.68,0,,59,49
USW00094728,"NY CITY CENTRAL PARK, NY US",2018-11-07,0,0,,62,51
USW00094728,"NY CITY CENTRAL PARK, NY US",2018-11-08,0,0,,56,45
USW00094728,"NY CITY CENTRAL PARK, NY US",2018-11-09,0.77,0,,52,40
USW00094728,"NY CITY CENTRAL PARK, NY US",2018-11-10,0.03,0,,50,34
USW00094728,"NY CITY CENTRAL PARK, NY US",2018-11-11,0,0,,46,33
USW00094728,"NY CITY CENTRAL PARK, NY US",2018-11-12,0.04,0,,49,37
USW00094728,"NY CITY CENTRAL PARK, NY US",2018-11-13,1.06,0,,50,43
USW00094728,"NY CITY CENTRAL PARK, NY US",2018-11-14,0,0,,43,32
USW00094728,"NY CITY CENTRAL PARK, NY US",2018-11-15,1.16,6.4,,40,28
USW00094728,"NY CITY CENTRAL PARK, NY US",2018-11-16,0.31,0,,45,34
USW00094728,"NY CITY CENTRAL PARK, NY US",2018-11-17,0,0,,47,37
USW00094728,"NY CITY CENTRAL PARK, NY US",2018-11-18,0,0,,44,39
USW00094728,"NY CITY CENTRAL PARK, NY US",2018-11-19,0,0,,50,41
USW00094728,"NY CITY CENTRAL PARK, NY US",2018-11-20,0,0,,47,39
USW00094728,"NY CITY CENTRAL PARK, NY US",2018-11-21,0,0,,44,27
USW00094728,"NY CITY CENTRAL PARK, NY US",2018-11-22,0,0,,28,17
USW00094728,"NY CITY CENTRAL PARK, NY US",2018-11-23,0,0,,32,15
USW00094728,"NY CITY CENTRAL PARK, NY US",2018-11-24,0.97,0,,49,31
USW00094728,"NY CITY CENTRAL PARK, NY US",2018-11-25,0.81,0,,55,45
USW00094728,"NY CITY CENTRAL PARK, NY US",2018-11-26,0.85,0,,53,45
USW00094728,"NY CITY CENTRAL PARK, NY US",2018-11-27,0.03,0,,45,37
USW00094728,"NY CITY CENTRAL PARK, NY US",2018-11-28,0,0,,42,36
USW00094728,"NY CITY CENTRAL PARK, NY US",2018-11-29,0,0,,46,38
USW00094728,"NY CITY CENTRAL PARK, NY US",2018-11-30,0.02,0,,43,38
USW00094728,"NY CITY CENTRAL PARK, NY US",2018-12-01,0.05,0,,46,36
USW00094728,"NY CITY CENTRAL PARK, NY US",2018-12-02,0.59,0,,56,42
USW00094728,"NY CITY CENTRAL PARK, NY US",2018-12-03,0,0,,55,46
USW00094728,"NY CITY CENTRAL PARK, NY US",2018-12-04,0,0,,46,31
USW00094728,"NY CITY CENTRAL PARK, NY US",2018-12-05,0,0,,37,28
USW00094728,"NY CITY CENTRAL PARK, NY US",2018-12-06,0,0,,40,30
USW00094728,"NY CITY CENTRAL PARK, NY US",2018-12-07,0,0,,39,28
USW00094728,"NY CITY CENTRAL PARK, NY US",2018-12-08,0,0,,36,24
USW00094728,"NY CITY CENTRAL PARK, NY US",2018-12-09,0,0,,36,28
USW00094728,"NY CITY CENTRAL PARK, NY US",2018-12-10,0,0,,39,29
USW00094728,"NY CITY CENTRAL PARK, NY US",2018-12-11,0,0,,41,29
USW00094728,"NY CITY CENTRAL PARK, NY US",2018-12-12,0,0,,41,33
USW00094728,"NY CITY CENTRAL PARK, NY US",2018-12-13,0.03,0,,40,33
USW00094728,"NY CITY CENTRAL PARK, NY US",2018-12-14,0.1,0,,51,40
USW00094728,"NY CITY CENTRAL PARK, NY US",2018-12-15,0.14,0,,52,46
USW00094728,"NY CITY CENTRAL PARK, NY US",2018-12-16,1.43,0,,46,35
USW00094728,"NY CITY CENTRAL PARK, NY US",2018-12-17,0.03,0,,46,37
USW00094728,"NY CITY CENTRAL PARK, NY US",2018-12-18,0,0,,40,28
USW00094728,"NY CITY CENTRAL PARK, NY US",2018-12-19,0,0,,42,26
USW00094728,"NY CITY CENTRAL PARK, NY US",2018-12-20,0.22,0,,47,37
USW00094728,"NY CITY CENTRAL PARK, NY US",2018-12-21,1.61,0,,61,47
USW00094728,"NY CITY CENTRAL PARK, NY US",2018-12-22,0.02,0,,54,40
USW00094728,"NY CITY CENTRAL PARK, NY US",2018-12-23,0,0,,43,36
USW00094728,"NY CITY CENTRAL PARK, NY US",2018-12-24,0.12,0,,43,36
USW00094728,"NY CITY CENTRAL PARK, NY US",2018-12-25,0,0,,40,33
USW00094728,"NY CITY CENTRAL PARK, NY US",2018-12-26,0,0,,43,32
USW00094728,"NY CITY CENTRAL PARK, NY US",2018-12-27,0,0,,44,37
USW00094728,"NY CITY CENTRAL PARK, NY US",2018-12-28,1.15,0,,60,43
USW00094728,"NY CITY CENTRAL PARK, NY US",2018-12-29,0,0,,57,39
USW00094728,"NY CITY CENTRAL PARK, NY US",2018-12-30,0,0,,40,33
USW00094728,"NY CITY CENTRAL PARK, NY US",2018-12-31,1.02,0,,48,36
USW00094728,"NY CITY CENTRAL PARK, NY US",2019-01-01,0.06,0,,58,39
USW00094728,"NY CITY CENTRAL PARK, NY US",2019-01-02,0,0,,40,35
USW00094728,"NY CITY CENTRAL PARK, NY US",2019-01-03,0,0,,44,37
USW00094728,"NY CITY CENTRAL PARK, NY US",2019-01-04,0,0,,47,35
USW00094728,"NY CITY CENTRAL PARK, NY US",2019-01-05,0.5,0,,47,41
USW00094728,"NY CITY CENTRAL PARK, NY US",2019-01-06,0,0,,49,31
USW00094728,"NY CITY CENTRAL PARK, NY US",2019-01-07,0,0,,34,25
USW00094728,"NY CITY CENTRAL PARK, NY US",2019-01-08,0.17,0,,45,34
USW00094728,"NY CITY CENTRAL PARK, NY US",2019-01-09,0.06,0,,45,34
USW00094728,"NY CITY CENTRAL PARK, NY US",2019-01-10,0,0,,34,28
USW00094728,"NY CITY CENTRAL PARK, NY US",2019-01-11,0,0,,30,21
USW00094728,"NY CITY CENTRAL PARK, NY US",2019-01-12,0,0,,34,20
USW00094728,"NY CITY CENTRAL PARK, NY US",2019-01-13,0,0,,33,25
USW00094728,"NY CITY CENTRAL PARK, NY US",2019-01-14,0,0,,32,22
USW00094728,"NY CITY CENTRAL PARK, NY US",2019-01-15,0,0,,36,25
USW00094728,"NY CITY CENTRAL PARK, NY US",2019-01-16,0,0,,39,30
USW00094728,"NY CITY CENTRAL PARK, NY US",2019-01-17,0,0,,33,24
USW00094728,"NY CITY CENTRAL PARK, NY US",2019-01-18,0.05,0.5,,39,29
USW00094728,"NY CITY CENTRAL PARK, NY US",2019-01-19,0.29,0.2,,37,32
USW00094728,"NY CITY CENTRAL PARK, NY US",2019-01-20,0.88,0,,42,14
USW00094728,"NY CITY CENTRAL PARK, NY US",2019-01-21,0,0,,14,4
USW00094728,"NY CITY CENTRAL PARK, NY US",2019-01-22,0,0,,31,13
USW00094728,"NY CITY CENTRAL PARK, NY US",2019-01-23,0,0,,52,31
USW00094728,"NY CITY CENTRAL PARK, NY US",2019-01-24,1.33,0,,59,35
USW00094728,"NY CITY CENTRAL PARK, NY US",2019-01-25,0,0,,40,28
USW00094728,"NY CITY CENTRAL PARK, NY US",2019-01-26,0,0,,35,24
USW00094728,"NY CITY CENTRAL PARK, NY US",2019-01-27,0,0,,49,32
USW00094728,"NY CITY CENTRAL PARK, NY US",2019-01-28,0,0,,38,25
USW00094728,"NY CITY CENTRAL PARK, NY US",2019-01-29,0.23,0,,43,25
USW00094728,"NY CITY CENTRAL PARK, NY US",2019-01-30,0.01,0.4,,35,6
USW00094728,"NY CITY CENTRAL PARK, NY US",2019-01-31,0,0,,16,2
USW00094728,"NY CITY CENTRAL PARK, NY US",2019-02-01,0,0,,21,11
USW00094728,"NY CITY CENTRAL PARK, NY US",2019-02-02,0,0,,34,16
USW00094728,"NY CITY CENTRAL PARK, NY US",2019-02-03,0,0,,53,33
USW00094728,"NY CITY CENTRAL PARK, NY US",2019-02-04,0,0,,61,41
USW00094728,"NY CITY CENTRAL PARK, NY US",2019-02-05,0,0,,65,44
USW00094728,"NY CITY CENTRAL PARK, NY US",2019-02-06,0.45,0,,46,35
USW00094728,"NY CITY CENTRAL PARK, NY US",2019-02-07,0.07,0,,44,39
USW00094728,"NY CITY CENTRAL PARK, NY US",2019-02-08,0.37,0,,55,32
USW00094728,"NY CITY CENTRAL PARK, NY US",2019-02-09,0,0,,32,23
USW00094728,"NY CITY CENTRAL PARK, NY US",2019-02-10,0,0,,35,23
USW00094728,"NY CITY CENTRAL PARK, NY US",2019-02-11,0,0,,38,30
USW00094728,"NY CITY CENTRAL PARK, NY US",2019-02-12,0.75,1.2,,36,26
USW00094728,"NY CITY CENTRAL PARK, NY US",2019-02-13,0.08,0,,41,33
USW00094728,"NY CITY CENTRAL PARK, NY US",2019-02-14,0,0,,46,33
USW00094728,"NY CITY CENTRAL PARK, NY US",2019-02-15,0,0,,59,42
USW00094728,"NY CITY CENTRAL PARK, NY US",2019-02-16,0,0,,47,32
USW00094728,"NY CITY CENTRAL PARK, NY US",2019-02-17,0.04,0,,38,26
USW00094728,"NY CITY CENTRAL PARK, NY US",2019-02-18,0.09,0,,42,26
USW00094728,"NY CITY CENTRAL PARK, NY US",2019-02-19,0,0,,36,23
USW00094728,"NY CITY CENTRAL PARK, NY US",2019-02-20,0.57,1.3,,33,26
USW00094728,"NY CITY CENTRAL PARK, NY US",2019-02-21,0.1,0,,52,33
USW00094728,"NY CITY CENTRAL PARK, NY US",2019-02-22,0,0,,44,36
USW00094728,"NY CITY CENTRAL PARK, NY US",2019-02-23,0.01,0,,42,32
USW00094728,"NY CITY CENTRAL PARK, NY US",2019-02-24,0.58,0,,47,36
USW00094728,"NY CITY CENTRAL PARK, NY US",2019-02-25,0,0,,43,28
USW00094728,"NY CITY CENTRAL PARK, NY US",2019-02-26,0,0,,36,25
USW00094728,"NY CITY CENTRAL PARK, NY US",2019-02-27,0,0,,31,23
USW00094728,"NY CITY CENTRAL PARK, NY US",2019-02-28,0.03,0.1,,37,27
USW00094728,"NY CITY CENTRAL PARK, NY US",2019-03-01,0.11,1.4,,35,26
USW00094728,"NY CITY CENTRAL PARK, NY US",2019-03-02,0.53,4,,41,31
USW00094728,"NY CITY CENTRAL PARK, NY US",2019-03-03,0.52,3,,42,33
USW00094728,"NY CITY CENTRAL PARK, NY US",2019-03-04,0.29,2,,38,28
USW00094728,"NY CITY CENTRAL PARK, NY US",2019-03-05,0,0,,32,20
USW00094728,"NY CITY CENTRAL PARK, NY US",2019-03-06,0,0,,26,19
USW00094728,"NY CITY CENTRAL PARK, NY US",2019-03-07,0,0,,32,18
USW00094728,"NY CITY CENTRAL PARK, NY US",2019-03-08,0,0,,39,24
USW00094728,"NY CITY CENTRAL PARK, NY US",2019-03-09,0,0,,49,34
USW00094728,"NY CITY CENTRAL PARK, NY US",2019-03-10,0.54,0,,43,35
USW00094728,"NY CITY CENTRAL PARK, NY US",2019-03-11,0,0,,53,39
USW00094728,"NY CITY CENTRAL PARK, NY US",2019-03-12,0,0,,44,34
USW00094728,"NY CITY CENTRAL PARK, NY US",2019-03-13,0,0,,49,32
USW00094728,"NY CITY CENTRAL PARK, NY US",2019-03-14,0,0,,57,42
USW00094728,"NY CITY CENTRAL PARK, NY US",2019-03-15,0.39,0,,75,49
USW00094728,"NY CITY CENTRAL PARK, NY US",2019-03-16,0,0,,58,37
USW00094728,"NY CITY CENTRAL PARK, NY US",2019-03-17,0,0,,45,34
USW00094728,"NY CITY CENTRAL PARK, NY US",2019-03-18,0,0,,46,32
USW00094728,"NY CITY CENTRAL PARK, NY US",2019-03-19,0,0,,51,35
USW00094728,"NY CITY CENTRAL PARK, NY US",2019-03-20,0,0,,53,37
USW00094728,"NY CITY CENTRAL PARK, NY US",2019-03-21,0.75,0,,46,41
USW00094728,"NY CITY CENTRAL PARK, NY US",2019-03-22,0.68,0,,49,38
USW00094728,"NY CITY CENTRAL PARK, NY US",2019-03-23,0,0,,48,35
USW00094728,"NY CITY CENTRAL PARK, NY US",2019-03-24,0,0,,60,38
USW00094728,"NY CITY CENTRAL PARK, NY US",2019-03-25,0,0,,56,42
USW00094728,"NY CITY CENTRAL PARK, NY US",2019-03-26,0,0,,49,33
USW00094728,"NY CITY CENTRAL PARK, NY US",2019-03-27,0,0,,47,34
USW00094728,"NY CITY CENTRAL PARK, NY US",2019-03-28,0,0,,53,37
USW00094728,"NY CITY CENTRAL PARK, NY US",2019-03-29,0,0,,59,49
USW00094728,"NY CITY CENTRAL PARK, NY US",2019-03-30,0,0,,70,52
USW00094728,"NY CITY CENTRAL PARK, NY US",2019-03-31,0.06,0,,65,39
USW00094728,"NY CITY CENTRAL PARK, NY US",2019-04-01,0,0,,46,33
USW00094728,"NY CITY CENTRAL PARK, NY US",2019-04-02,0,0,,52,39
USW00094728,"NY CITY CENTRAL PARK, NY US",2019-04-03,0,0,,67,41
USW00094728,"NY CITY CENTRAL PARK, NY US",2019-04-04,0,0,,60,44
USW00094728,"NY CITY CENTRAL PARK, NY US",2019-04-05,0.2,0,,45,38
USW00094728,"NY CITY CENTRAL PARK, NY US",2019-04-06,0,0,,68,39
USW00094728,"NY CITY CENTRAL PARK, NY US",2019-04-07,0,0,,66,51
USW00094728,"NY CITY CENTRAL PARK, NY US",2019-04-08,0.26,0,,79,49
USW00094728,"NY CITY CENTRAL PARK, NY US",2019-04-09,0.03,0,,51,46
USW00094728,"NY CITY CENTRAL PARK, NY US",2019-04-10,0,0,,60,45
USW00094728,"NY CITY CENTRAL PARK, NY US",2019-04-11,0,0,,55,40
USW00094728,"NY CITY CENTRAL PARK, NY US",2019-04-12,0.63,0,,68,46
USW00094728,"NY CITY CENTRAL PARK, NY US",2019-04-13,0.24,0,,77,59
USW00094728,"NY CITY CENTRAL PARK, NY US",2019-04-14,0.01,0,,73,60
USW00094728,"NY CITY CENTRAL PARK, NY US",2019-04-15,0.96,0,,65,46
USW00094728,"NY CITY CENTRAL PARK, NY US",2019-04-16,0,0,,66,44
USW00094728,"NY CITY CENTRAL PARK, NY US",2019-04-17,0.01,0,,63,48
USW00094728,"NY CITY CENTRAL PARK, NY US",2019-04-18,0,0,,62,51
USW00094728,"NY CITY CENTRAL PARK, NY US",2019-04-19,0.01,0,,80,58
USW00094728,"NY CITY CENTRAL PARK, NY US",2019-04-20,0.7,0,,64,55
USW00094728,"NY CITY CENTRAL PARK, NY US",2019-04-21,0,0,,66,53
USW00094728,"NY CITY CENTRAL PARK, NY US",2019-04-22,0.24,0,,64,52
USW00094728,"NY CITY CENTRAL PARK, NY US",2019-04-23,0.08,0,,77,56
USW00094728,"NY CITY CENTRAL PARK, NY US",2019-04-24,0,0,,69,55
USW00094728,"NY CITY CENTRAL PARK, NY US",2019-04-25,0.02,0,,66,48
USW00094728,"NY CITY CENTRAL PARK, NY US",2019-04-26,1.03,0,,59,51
USW00094728,"NY CITY CENTRAL PARK, NY US",2019-04-27,0.07,0,,58,47
USW00094728,"NY CITY CENTRAL PARK, NY US",2019-04-28,0.01,0,,53,45
USW00094728,"NY CITY CENTRAL PARK, NY US",2019-04-29,0.01,0,,60,41
USW00094728,"NY CITY CENTRAL PARK, NY US",2019-04-30,0.04,0,,60,48
USW00094728,"NY CITY CENTRAL PARK, NY US",2019-05-01,0,0,,56,50
USW00094728,"NY CITY CENTRAL PARK, NY US",2019-05-02,0.01,0,,78,50
USW00094728,"NY CITY CENTRAL PARK, NY US",2019-05-03,0.06,0,,56,50
USW00094728,"NY CITY CENTRAL PARK, NY US",2019-05-04,0.11,0,,71,53
USW00094728,"NY CITY CENTRAL PARK, NY US",2019-05-05,1.31,0,,58,51
USW00094728,"NY CITY CENTRAL PARK, NY US",2019-05-06,0,0,,74,51
USW00094728,"NY CITY CENTRAL PARK, NY US",2019-05-07,0.11,0,,70,52
USW00094728,"NY CITY CENTRAL PARK, NY US",2019-05-08,0,0,,71,55
USW00094728,"NY CITY CENTRAL PARK, NY US",2019-05-09,0,0,,61,53
USW00094728,"NY CITY CENTRAL PARK, NY US",2019-05-10,0.04,0,,73,56
USW00094728,"NY CITY CENTRAL PARK, NY US",2019-05-11,0.04,0,,69,56
USW00094728,"NY CITY CENTRAL PARK, NY US",2019-05-12,1.32,0,,59,43
USW00094728,"NY CITY CENTRAL PARK, NY US",2019-05-13,0.7,0,,48,42
USW00094728,"NY CITY CENTRAL PARK, NY US",2019-05-14,0.3,0,,52,44
USW00094728,"NY CITY CENTRAL PARK, NY US",2019-05-15,0.01,0,,69,44
USW00094728,"NY CITY CENTRAL PARK, NY US",2019-05-16,0.12,0,,73,52
USW00094728,"NY CITY CENTRAL PARK, NY US",2019-05-17,0.03,0,,76,60
USW00094728,"NY CITY CENTRAL PARK, NY US",2019-05-18,0,0,,75,56
USW00094728,"NY CITY CENTRAL PARK, NY US",2019-05-19,0.06,0,,76,60
USW00094728,"NY CITY CENTRAL PARK, NY US",2019-05-20,0,0,,85,66
USW00094728,"NY CITY CENTRAL PARK, NY US",2019-05-21,0,0,,71,56
USW00094728,"NY CITY CENTRAL PARK, NY US",2019-05-22,0,0,,74,54
USW00094728,"NY CITY CENTRAL PARK, NY US",2019-05-23,0.48,0,,72,55
USW00094728,"NY CITY CENTRAL PARK, NY US",2019-05-24,0,0,,73,61
USW00094728,"NY CITY CENTRAL PARK, NY US",2019-05-25,0,0,,71,55
USW00094728,"NY CITY CENTRAL PARK, NY US",2019-05-26,0.2,0,,86,59
USW00094728,"NY CITY CENTRAL PARK, NY US",2019-05-27,0,0,,80,64
USW00094728,"NY CITY CENTRAL PARK, NY US",2019-05-28,0.17,0,,71,62
USW00094728,"NY CITY CENTRAL PARK, NY US",2019-05-29,0.8,0,,70,56
USW00094728,"NY CITY CENTRAL PARK, NY US",2019-05-30,0.95,0,,70,57
USW00094728,"NY CITY CENTRAL PARK, NY US",2019-05-31,0,0,,80,63
USW00094728,"NY CITY CENTRAL PARK, NY US",2019-06-01,0,0,,80,63
USW00094728,"NY CITY CENTRAL PARK, NY US",2019-06-02,0.86,0,,81,61
USW00094728,"NY CITY CENTRAL PARK, NY US",2019-06-03,0,0,,70,58
USW00094728,"NY CITY CENTRAL PARK, NY US",2019-06-04,0,0,,70,54
USW00094728,"NY CITY CENTRAL PARK, NY US",2019-06-05,0,0,,81,64
USW00094728,"NY CITY CENTRAL PARK, NY US",2019-06-06,0.04,0,,83,68
USW00094728,"NY CITY CENTRAL PARK, NY US",2019-06-07,0,0,,81,66
USW00094728,"NY CITY CENTRAL PARK, NY US",2019-06-08,0,0,,81,63
USW00094728,"NY CITY CENTRAL PARK, NY US",2019-06-09,0,0,,78,60
USW00094728,"NY CITY CENTRAL PARK, NY US",2019-06-10,0.62,0,,70,60
USW00094728,"NY CITY CENTRAL PARK, NY US",2019-06-11,0.45,0,,77,63
USW00094728,"NY CITY CENTRAL PARK, NY US",2019-06-12,0,0,,74,59
USW00094728,"NY CITY CENTRAL PARK, NY US",2019-06-13,0.6,0,,65,55
USW00094728,"NY CITY CENTRAL PARK, NY US",2019-06-14,0,0,,73,58
USW00094728,"NY CITY CENTRAL PARK, NY US",2019-06-15,0,0,,81,60
USW00094728,"NY CITY CENTRAL PARK, NY US",2019-06-16,0.04,0,,80,65
USW00094728,"NY CITY CENTRAL PARK, NY US",2019-06-17,0,0,,76,69
USW00094728,"NY CITY CENTRAL PARK, NY US",2019-06-18,0.79,0,,73,67
USW00094728,"NY CITY CENTRAL PARK, NY US",2019-06-19,0.11,0,,71,66
USW00094728,"NY CITY CENTRAL PARK, NY US",2019-06-20,0.42,0,,78,65
USW00094728,"NY CITY CENTRAL PARK, NY US",2019-06-21,0.53,0,,77,65
USW00094728,"NY CITY CENTRAL PARK, NY US",2019-06-22,0,0,,79,61
USW00094728,"NY CITY CENTRAL PARK, NY US",2019-06-23,0,0,,83,64
USW00094728,"NY CITY CENTRAL PARK, NY US",2019-06-24,0,0,,84,67
USW00094728,"NY CITY CENTRAL PARK, NY US",2019-06-25,0.86,0,,84,72
USW00094728,"NY CITY CENTRAL PARK, NY US",2019-06-26,0,0,,87,72
USW00094728,"NY CITY CENTRAL PARK, NY US",2019-06-27,0,0,,89,71
USW00094728,"NY CITY CENTRAL PARK, NY US",2019-06-28,0,0,,89,73
USW00094728,"NY CITY CENTRAL PARK, NY US",2019-06-29,0.08,0,,91,72
USW00094728,"NY CITY CENTRAL PARK, NY US",2019-06-30,0.06,0,,83,69
USW00094728,"NY CITY CENTRAL PARK, NY US",2019-07-01,0,0,,85,65
